1.000000000000000000e+00,-4.992308941915554188e-01,2.143260687348654547e-01,-3.133621010607597346e-01,-5.925852374861867444e-01
1.000000000000000000e+00,-1.218029171995401949e+00,1.322614364766405259e+00,-3.133621010607597346e-01,-5.925852374861867444e-01
1.000000000000000000e+00,-1.371354049256888086e+00,1.051344847282246198e+00,1.048475249097560735e-01,-1.306408138522244577e+00
1.000000000000000000e+00,-1.035164639481703341e+00,1.267490077791015413e+00,1.048475249097560735e-01,-1.306408138522244577e+00
1.000000000000000000e+00,-1.052044442482967801e+00,2.273818209132466850e-01,1.048475249097560735e-01,-1.306408138522244577e+00
1.000000000000000000e+00,-3.644296190688718629e-02,-3.789853358160519825e-01,-1.521523242753363592e+00,-4.758043947809013074e-01
1.000000000000000000e+00,2.425194975777519080e+00,-9.316788447008900187e-01,-1.521523242753363592e+00,-4.758043947809013074e-01
1.000000000000000000e+00,6.204627048923231358e-01,-3.905904488635026928e-01,-1.521523242753363592e+00,-4.758043947809013074e-01
1.000000000000000000e+00,1.091690538677623445e+00,1.504979469738859654e-01,-1.521523242753363592e+00,-4.758043947809013074e-01
1.000000000000000000e+00,8.171565910196429416e-02,-3.833372532088448748e-01,-1.521523242753363592e+00,-4.758043947809013074e-01
1.000000000000000000e+00,4.249383201276759614e-01,-5.574139489206053621e-01,-1.521523242753363592e+00,-4.758043947809013074e-01
1.000000000000000000e+00,-6.230161162008285292e-01,-4.703756010647257568e-01,1.173605457945520625e+00,-4.363908603678673948e-01
1.000000000000000000e+00,-5.934764609486155029e-01,-6.371991011218296475e-01,1.173605457945520625e+00,-4.363908603678673948e-01
1.000000000000000000e+00,-8.593333582185315178e-01,-4.906845488977648051e-01,1.173605457945520625e+00,-4.363908603678673948e-01
1.000000000000000000e+00,2.786466941167168310e-01,-4.108993966965404088e-01,1.173605457945520625e+00,-4.363908603678673948e-01
1.000000000000000000e+00,-1.405350804146849597e-01,-1.185540692613873626e+00,1.173605457945520625e+00,-4.363908603678673948e-01
1.000000000000000000e+00,-1.982077406690053722e-01,-7.924174881314816066e-01,1.173605457945520625e+00,-4.363908603678673948e-01
1.000000000000000000e+00,1.171869602933629961e+00,-1.020167831687701421e+00,1.173605457945520625e+00,-4.363908603678673948e-01
1.000000000000000000e+00,8.483400454093935616e-01,-1.904022487949771636e-01,1.173605457945520625e+00,-4.363908603678673948e-01
1.000000000000000000e+00,1.011511474421617152e+00,-6.676625228713876092e-01,1.173605457945520625e+00,-4.363908603678673948e-01
1.000000000000000000e+00,5.079306848838930355e-01,-5.066415793380083521e-01,1.173605457945520625e+00,-4.363908603678673948e-01
1.000000000000000000e+00,5.374703401361060617e-01,-9.780992968906928597e-01,1.173605457945520625e+00,-4.363908603678673948e-01
1.000000000000000000e+00,2.983397976181921818e-01,-6.676625228713876092e-01,1.173605457945520625e+00,-4.363908603678673948e-01
1.000000000000000000e+00,6.457824093942199362e-01,-3.282129662334550280e-01,1.173605457945520625e+00,-4.363908603678673948e-01
1.000000000000000000e+00,-9.974222316162896507e-02,5.813377688604935978e-01,1.173605457945520625e+00,-4.363908603678673948e-01
1.000000000000000000e+00,1.394120342450279493e+00,-8.127264359645206548e-01,1.173605457945520625e+00,-4.363908603678673948e-01
1.000000000000000000e+00,4.936270334954060562e-02,-2.919469879601711004e-01,1.173605457945520625e+00,-4.363908603678673948e-01
1.000000000000000000e+00,2.112918620254125912e+00,-4.689249619337939046e-01,1.173605457945520625e+00,-4.363908603678673948e-01
1.000000000000000000e+00,7.962939861554950705e-01,-8.301341055356974419e-01,1.173605457945520625e+00,-4.363908603678673948e-01
1.000000000000000000e+00,1.076217385926464543e+00,-2.571316488178190252e-01,1.173605457945520625e+00,-4.363908603678673948e-01
1.000000000000000000e+00,-1.799212874176353838e-01,-6.270446272053095127e-01,3.371862060044874543e-01,-7.546186567397704659e-01
1.000000000000000000e+00,-5.512769534454544651e-01,-6.139888750269283380e-01,3.371862060044874543e-01,-7.546186567397704659e-01
1.000000000000000000e+00,-3.599725194311232945e-01,-4.457147358388925396e-01,3.371862060044874543e-01,-7.546186567397704659e-01
1.000000000000000000e+00,-1.177236314742346135e+00,4.667372775169171817e-01,-8.102341996602836771e-02,-1.194006577418407211e+00
1.000000000000000000e+00,-1.506392473267003984e+00,1.089061464686460701e+00,-8.102341996602836771e-02,-1.194006577418407211e+00
1.000000000000000000e+00,-1.104090501736866736e+00,7.205991254299006776e-01,-2.668943648418144465e-01,-6.159414060272438984e-01
1.000000000000000000e+00,-7.383614367094691877e-01,-9.030814876071505126e-02,-2.668943648418144465e-01,-6.159414060272438984e-01
1.000000000000000000e+00,-4.415582339372350340e-01,-2.962989053529652694e-01,-2.668943648418144465e-01,-6.159414060272438984e-01
1.000000000000000000e+00,-3.487193174302802845e-01,-8.576962490233916991e-01,-2.668943648418144465e-01,-6.159414060272438984e-01
1.000000000000000000e+00,2.055008811112374045e-01,-7.068297794065339090e-01,-2.668943648418144465e-01,-6.159414060272438984e-01
1.000000000000000000e+00,8.595932474102367937e-01,-3.528738314592869685e-01,-2.668943648418144465e-01,-6.159414060272438984e-01
1.000000000000000000e+00,2.548980197786792079e+00,-1.268227123076960172e+00,-2.668943648418144465e-01,-6.159414060272438984e-01
1.000000000000000000e+00,1.070353636038609974e-01,-4.500666532316867086e-01,-7.780394632502224406e-01,-8.013309938218847739e-01
1.000000000000000000e+00,-4.584380369384996601e-01,-2.295695053301234356e-01,-7.780394632502224406e-01,-8.013309938218847739e-01
1.000000000000000000e+00,-1.042197890732230237e+00,3.448835905186855011e-01,-7.780394632502224406e-01,-8.013309938218847739e-01
1.000000000000000000e+00,-5.991030619490371745e-01,-3.992942836490897540e-01,-7.780394632502224406e-01,-8.013309938218847739e-01
1.000000000000000000e+00,2.969331473680868472e-01,-5.588645880515371589e-01,1.220073194164467578e+00,-1.040731721367720075e+00
1.000000000000000000e+00,-1.108310452487182962e+00,1.415455269146010719e+00,-2.668943648418144465e-01,-1.446545149768587057e+00
1.000000000000000000e+00,-1.229282373996245292e+00,7.873285254527425669e-01,-1.567990978972309657e+00,-1.431947544430426600e+00
1.000000000000000000e+00,-8.199471512155809272e-01,-1.860503314021842713e-01,5.695248870992187795e-01,-8.757787810465043066e-01
1.000000000000000000e+00,-4.879776921907124088e-01,-5.022896619452155154e-01,5.695248870992187795e-01,-8.757787810465043066e-01
1.000000000000000000e+00,6.483585610069990401e-02,-7.721085402984438906e-01,5.695248870992187795e-01,-8.757787810465043066e-01
1.000000000000000000e+00,2.462937383642931632e-01,-4.457147358388925396e-01,5.695248870992187795e-01,-8.757787810465043066e-01
1.000000000000000000e+00,-8.382336044669508324e-01,2.650984383174624370e-01,5.695248870992187795e-01,-8.757787810465043066e-01
1.000000000000000000e+00,-6.525557714530413334e-01,1.205112595160967581e+00,5.837978869081078548e-02,-1.423188981227530014e+00
1.000000000000000000e+00,-1.128003555988658091e+00,2.429234258286010542e-02,-1.103313616782846118e+00,-1.132696634998132446e+00
1.000000000000000000e+00,-3.444993666799642251e-01,-7.053791402756021123e-01,-1.103313616782846118e+00,-1.132696634998132446e+00
1.000000000000000000e+00,-6.455225202025145492e-01,-5.733709793608502414e-01,1.977829973476482872e-01,-7.385612908677936517e-01
1.000000000000000000e+00,5.639595460006758404e-02,-9.853524925453494010e-01,1.977829973476482872e-01,-7.385612908677936517e-01
1.000000000000000000e+00,-5.484636529452437959e-01,-5.632165054443313279e-01,1.977829973476482872e-01,-7.385612908677936517e-01
1.000000000000000000e+00,-3.951387756837576593e-01,-4.529679314935490253e-01,3.371862060044874543e-01,-4.663479783897694214e-02
1.000000000000000000e+00,-1.008438284729701317e+00,-3.021014618766899584e-01,3.371862060044874543e-01,-4.663479783897694214e-02
1.000000000000000000e+00,-7.242949342084155084e-01,-4.098641830904991429e-02,3.371862060044874543e-01,-4.663479783897694214e-02
1.000000000000000000e+00,-8.312003532164239372e-01,-3.685226429731122862e-04,1.048475249097560735e-01,2.482368299918689403e-01
1.000000000000000000e+00,-5.273638991936631104e-01,1.848978605913411191e-02,1.048475249097560735e-01,2.482368299918689403e-01
1.000000000000000000e+00,-1.011488734117343136e-01,8.335312142615233094e-03,1.048475249097560735e-01,2.482368299918689403e-01
1.000000000000000000e+00,-4.910281415783554482e-02,-5.984472701115713805e-02,1.048475249097560735e-01,2.482368299918689403e-01
1.000000000000000000e+00,-5.048574951919770903e-01,-5.791735358845762072e-01,1.048475249097560735e-01,2.482368299918689403e-01
1.000000000000000000e+00,-1.040791240482124902e+00,6.582216427998542896e-01,2.442507335665952128e-01,-9.151923154595380527e-01
1.000000000000000000e+00,-7.693077422117875486e-01,5.015526166592693125e-01,2.442507335665952128e-01,-9.151923154595380527e-01
1.000000000000000000e+00,-8.396402547170562780e-01,4.170001215403550815e-02,2.442507335665952128e-01,-9.151923154595380527e-01
1.000000000000000000e+00,-7.285148849587316233e-01,-1.541362705216945406e-01,2.442507335665952128e-01,-9.151923154595380527e-01
1.000000000000000000e+00,-8.663666094690583019e-01,5.175096470995140807e-01,1.191205247186385291e-02,-9.692034552107325895e-01
1.000000000000000000e+00,2.404299884764389897e-02,-3.746334184232578135e-01,1.191205247186385291e-02,-9.692034552107325895e-01
1.000000000000000000e+00,-5.976964116989318399e-01,-2.208656705445350976e-01,1.191205247186385291e-02,-9.692034552107325895e-01
1.000000000000000000e+00,-1.011251585229911987e+00,1.064400599460627372e+00,-3.133621010607597346e-01,-1.126857592862868129e+00
1.000000000000000000e+00,-9.831185802278045172e-01,1.168846616887683654e+00,-3.133621010607597346e-01,-1.126857592862868129e+00
1.000000000000000000e+00,-5.456503524450327935e-01,2.085235122111394612e-01,-3.133621010607597346e-01,-1.126857592862868129e+00
1.000000000000000000e+00,-6.370826187018822084e-01,2.447894904844233610e-01,-1.274911561849753072e-01,5.708439079652201098e-01
1.000000000000000000e+00,-9.113794174724303421e-01,-9.030814876071505126e-02,-1.274911561849753072e-01,5.708439079652201098e-01
1.000000000000000000e+00,-2.952666079262761811e-01,-3.518386178532520447e-02,-1.274911561849753072e-01,5.708439079652201098e-01
1.000000000000000000e+00,-8.494868064677938424e-01,5.102564514448576505e-01,-2.204266286228675209e-01,-1.202765140621303575e+00
1.000000000000000000e+00,-1.897678391683730315e-01,-1.599388270454192573e-01,-2.204266286228675209e-01,-1.202765140621303575e+00
1.000000000000000000e+00,-1.192709467493505260e+00,2.604979356509708133e+00,-2.204266286228675209e-01,-1.202765140621303575e+00
1.000000000000000000e+00,-9.141927179726411223e-01,1.657712004011544948e+00,-2.204266286228675209e-01,-1.202765140621303575e+00
1.000000000000000000e+00,-4.598446871886050502e-01,6.582216427998542896e-01,1.127137721726573671e+00,-3.750809179475924626e-01
1.000000000000000000e+00,-7.060084809570456033e-01,7.365561558701455569e-01,1.127137721726573671e+00,-3.750809179475924626e-01
1.000000000000000000e+00,-2.896400069258545096e-01,1.911158426399640620e-01,1.127137721726573671e+00,-3.750809179475924626e-01
1.000000000000000000e+00,1.056287133537556627e-01,-1.976554444496349816e-01,1.127137721726573671e+00,-3.750809179475924626e-01
1.000000000000000000e+00,-5.050946440794088638e-02,-1.541362705216945406e-01,1.127137721726573671e+00,-3.750809179475924626e-01
1.000000000000000000e+00,8.399001439087614429e-01,-6.342978228599660540e-01,1.127137721726573671e+00,-3.750809179475924626e-01
1.000000000000000000e+00,1.970609796106050915e-01,-2.121618357589480364e-01,1.127137721726573671e+00,-3.750809179475924626e-01
1.000000000000000000e+00,-5.894936590857320635e-02,2.912099426742261743e-01,1.127137721726573671e+00,-3.750809179475924626e-01
1.000000000000000000e+00,4.024319161259899413e-01,-6.419664440395131400e-02,1.127137721726573671e+00,-3.750809179475924626e-01
1.000000000000000000e+00,4.373610234911922551e-02,-1.135183748556164579e-01,1.127137721726573671e+00,-3.750809179475924626e-01
1.000000000000000000e+00,-3.557525686808072352e-01,6.408139732286776136e-01,-3.133621010607597346e-01,-1.634156405442625803e-01
1.000000000000000000e+00,6.190560546422175792e-01,-2.629342053415449909e-01,-3.133621010607597346e-01,-1.634156405442625803e-01
1.000000000000000000e+00,-3.149597114277514764e-01,-2.793066613066868056e-02,-3.133621010607597346e-01,-1.634156405442625803e-01
1.000000000000000000e+00,4.319715713782026900e-01,-5.008390228142837186e-01,-3.133621010607597346e-01,-1.634156405442625803e-01
1.000000000000000000e+00,-9.130232166099688795e-02,-1.410805183433120336e-01,-3.133621010607597346e-01,-1.634156405442625803e-01
1.000000000000000000e+00,-3.360594651793319398e-01,-3.659295836376694755e-01,-3.133621010607597346e-01,-1.634156405442625803e-01
1.000000000000000000e+00,3.771122116240929745e-01,-5.820748141464385794e-01,-3.133621010607597346e-01,-1.634156405442625803e-01
1.000000000000000000e+00,2.364471866135554878e-01,-5.849760924083009517e-01,2.907184697855421662e-01,2.119649834344069284e+00
1.000000000000000000e+00,2.223806841125017808e-01,-3.905904488635026928e-01,2.907184697855421662e-01,2.119649834344069284e+00
1.000000000000000000e+00,7.372146756510690180e-01,-4.529679314935490253e-01,2.907184697855421662e-01,2.119649834344069284e+00
1.000000000000000000e+00,1.789389062729889623e+00,-6.052850402413399999e-01,2.907184697855421662e-01,2.119649834344069284e+00
1.000000000000000000e+00,6.879819168973807519e-01,-5.719203402299196659e-01,2.907184697855421662e-01,2.119649834344069284e+00
1.000000000000000000e+00,2.983397976181921818e-01,-4.167019532202664300e-01,2.907184697855421662e-01,2.119649834344069284e+00
1.000000000000000000e+00,6.331225571432714805e-01,-8.417392185831480411e-01,1.266540930383412977e+00,1.570779873629227552e+00
1.000000000000000000e+00,3.799255121243039213e-01,2.288324600441785095e-01,1.266540930383412977e+00,1.570779873629227552e+00
1.000000000000000000e+00,7.948873359053894028e-01,-9.229750099153030130e-01,1.266540930383412977e+00,1.570779873629227552e+00
1.000000000000000000e+00,-1.252990765509582292e-02,2.679997165793247538e-01,1.266540930383412977e+00,1.570779873629227552e+00
1.000000000000000000e+00,-6.035601615867855485e-02,7.651535129638760424e-02,1.266540930383412977e+00,1.570779873629227552e+00
1.000000000000000000e+00,-2.207141446706913923e-01,1.432447513192294519e-01,1.266540930383412977e+00,1.570779873629227552e+00
1.000000000000000000e+00,6.500023601445357180e-01,-7.488983142035424700e-01,1.266540930383412977e+00,1.570779873629227552e+00
1.000000000000000000e+00,6.007696013908478960e-01,8.957110347477012513e-02,1.266540930383412977e+00,1.570779873629227552e+00
1.000000000000000000e+00,5.923296998902152222e-01,-4.805300749812446148e-01,1.266540930383412977e+00,1.570779873629227552e+00
1.000000000000000000e+00,2.673934921158738209e-01,2.621971600555987880e-01,1.266540930383412977e+00,1.570779873629227552e+00
1.000000000000000000e+00,1.214069110436791332e+00,-6.038344011104080922e-01,1.266540930383412977e+00,1.570779873629227552e+00
1.000000000000000000e+00,8.117671389066540844e-01,-1.773464966165959333e-01,1.266540930383412977e+00,1.570779873629227552e+00
1.000000000000000000e+00,3.055374287824726753e+00,-1.819469992830867744e+00,1.266540930383412977e+00,1.570779873629227552e+00
1.000000000000000000e+00,1.987726747994747578e+00,-1.262424566553235650e+00,-1.753861923848094806e+00,1.233575190317715231e+00
1.000000000000000000e+00,1.931460737990532639e+00,-1.168133023042698060e+00,-1.753861923848094806e+00,1.233575190317715231e+00
1.000000000000000000e+00,2.335169359770774999e+00,-1.987744132018903542e+00,-1.753861923848094806e+00,1.233575190317715231e+00
1.000000000000000000e+00,2.125578472505074146e+00,-2.078099183661538674e-01,-1.753861923848094806e+00,1.233575190317715231e+00
1.000000000000000000e+00,5.571634436375808574e-01,-9.360307620936841877e-01,-1.753861923848094806e+00,1.233575190317715231e+00
1.000000000000000000e+00,2.198724285510553766e+00,-1.577213257965334847e+00,-1.753861923848094806e+00,1.233575190317715231e+00
1.000000000000000000e+00,1.232355563688160904e+00,-9.810005751525551210e-01,-1.753861923848094806e+00,1.233575190317715231e+00
1.000000000000000000e+00,1.984676298607104261e-01,-2.194150314136045499e-01,-1.753861923848094806e+00,1.233575190317715231e+00
1.000000000000000000e+00,8.312230935206964266e-02,-1.260973927422303742e+00,-1.753861923848094806e+00,1.233575190317715231e+00
1.000000000000000000e+00,-8.004911966015387792e-02,-1.829624466747387990e+00,-1.753861923848094806e+00,1.233575190317715231e+00
1.000000000000000000e+00,4.361915221285187494e-01,-8.185289924882467316e-01,-1.753861923848094806e+00,1.233575190317715231e+00
1.000000000000000000e+00,3.278794528704049305e-01,-1.758958574856641088e-01,-1.753861923848094806e+00,1.233575190317715231e+00
1.000000000000000000e+00,4.854242808822070709e-01,-1.452458292705239629e+00,-1.753861923848094806e+00,1.233575190317715231e+00
1.000000000000000000e+00,-1.139256757989501212e+00,9.715596950810219123e-01,-1.753861923848094806e+00,1.233575190317715231e+00
1.000000000000000000e+00,-8.804331119701122033e-01,-3.006508227457594384e-01,-1.753861923848094806e+00,1.233575190317715231e+00
1.000000000000000000e+00,-7.453946879599961939e-01,3.434329513877536488e-01,-1.753861923848094806e+00,1.233575190317715231e+00
1.000000000000000000e+00,-1.011251585229911987e+00,-3.373322265439338691e-02,-1.753861923848094806e+00,1.233575190317715231e+00
1.000000000000000000e+00,-1.514832374767636214e+00,2.217658708551039304e+00,-1.753861923848094806e+00,1.233575190317715231e+00
1.000000000000000000e+00,-1.317901339752883816e+00,3.048874930574695608e+00,-1.753861923848094806e+00,1.233575190317715231e+00
1.000000000000000000e+00,-1.475683316652116883e-01,-6.081863185032022612e-01,-1.753861923848094806e+00,1.233575190317715231e+00
1.000000000000000000e+00,-4.049853274344953347e-01,-2.498784531631624839e-01,-1.753861923848094806e+00,1.233575190317715231e+00
1.000000000000000000e+00,-1.264448630248879546e+00,2.401889878179320092e+00,-1.753861923848094806e+00,1.233575190317715231e+00
1.000000000000000000e+00,-7.723581915994294500e-02,-5.748216184917820382e-01,-1.753861923848094806e+00,1.233575190317715231e+00
1.000000000000000000e+00,-1.925811396685837285e-01,1.867639252471698652e-01,-1.753861923848094806e+00,1.233575190317715231e+00
1.000000000000000000e+00,2.448870881141878009e-01,-5.777228967536444104e-01,-1.753861923848094806e+00,1.233575190317715231e+00
1.000000000000000000e+00,-9.270897191110223645e-02,-5.704697010989878692e-01,-1.753861923848094806e+00,1.233575190317715231e+00
1.000000000000000000e+00,2.814599946169275557e-01,-1.017266553425839160e+00,-8.709749356881146820e-01,-1.033432918698639735e+00
1.000000000000000000e+00,-5.132973966926094311e-01,2.070728730802089135e-01,-8.709749356881146820e-01,-1.033432918698639735e+00
1.000000000000000000e+00,-4.288983816862866894e-01,-6.009331228485458309e-01,-8.709749356881146820e-01,-1.033432918698639735e+00
1.000000000000000000e+00,-3.627858199313342413e-01,-3.673802227686012722e-01,-8.709749356881146820e-01,-1.033432918698639735e+00
1.000000000000000000e+00,-9.001262154715873320e-01,6.055832085614402255e-02,-8.709749356881146820e-01,-1.033432918698639735e+00
1.000000000000000000e+00,-8.115072497149488084e-01,8.511566472137219730e-01,-8.709749356881146820e-01,-1.033432918698639735e+00
1.000000000000000000e+00,-1.075957496734759156e+00,1.025233342925482516e+00,-3.133621010607597346e-01,-1.265534843575394808e+00
1.000000000000000000e+00,-7.214816337082048392e-01,2.163985060706580033e+00,-3.133621010607597346e-01,-1.265534843575394808e+00
1.000000000000000000e+00,-4.556247364382889908e-01,-1.875009705331148191e-01,-3.133621010607597346e-01,-1.265534843575394808e+00
1.000000000000000000e+00,-9.859318807280152974e-01,4.203168253271143961e-01,-3.133621010607597346e-01,-1.265534843575394808e+00
1.000000000000000000e+00,1.815878268594460221e-01,-9.708461012360363185e-01,-3.133621010607597346e-01,-1.265534843575394808e+00
1.000000000000000000e+00,6.483585610069990401e-02,-1.744452183547335888e-01,-3.133621010607597346e-01,-1.265534843575394808e+00
1.000000000000000000e+00,-1.158949861490976563e+00,2.259727243348049530e+00,-3.133621010607597346e-01,-1.265534843575394808e+00
1.000000000000000000e+00,-8.452668557174778385e-01,7.380067950010773536e-01,-1.521523242753363592e+00,-1.122478311261420059e+00
1.000000000000000000e+00,-1.143476708739817438e+00,4.101623514105954826e-01,-1.521523242753363592e+00,-1.122478311261420059e+00
1.000000000000000000e+00,-1.067517595234127148e+00,9.831648081284726226e-01,-1.521523242753363592e+00,-1.122478311261420059e+00
1.000000000000000000e+00,-1.125190255488447422e+00,6.756293123710297444e-01,-1.521523242753363592e+00,-1.122478311261420059e+00
1.000000000000000000e+00,-1.381200601007625428e+00,1.312459890849886346e+00,-1.521523242753363592e+00,-1.122478311261420059e+00
1.000000000000000000e+00,-1.077364146984864712e+00,7.641182993578411464e-01,-1.335652297877578221e+00,-1.196926098486039480e+00
1.000000000000000000e+00,-1.168796413241714127e+00,4.797930296952996887e-01,-1.335652297877578221e+00,-1.196926098486039480e+00
1.000000000000000000e+00,-1.367134098506571860e+00,2.323555365109027715e+00,-1.893265132504933224e+00,-1.557486950338608400e+00
1.000000000000000000e+00,-5.737833574471404852e-01,1.209464512553761750e+00,-2.729684384445966394e+00,-1.402752333754105241e+00
1.000000000000000000e+00,-8.537067572181099573e-01,1.451721247419294647e+00,-2.729684384445966394e+00,-1.402752333754105241e+00
1.000000000000000000e+00,-1.143476708739817438e+00,1.017980147270824753e+00,-6.851039908123303102e-01,-1.410051136423185358e+00
1.000000000000000000e+00,-1.158949861490976563e+00,1.250082408219838737e+00,-6.851039908123303102e-01,-1.410051136423185358e+00
1.000000000000000000e+00,-7.397680869595746334e-01,-1.613894661763510541e-01,-1.753861923848094806e+00,-1.328304546529485819e+00
1.000000000000000000e+00,-1.347440995005096731e+00,1.939135995412224034e+00,-1.753861923848094806e+00,-1.328304546529485819e+00
1.000000000000000000e+00,-1.379793950757520316e+00,2.554206986927110901e+00,-1.753861923848094806e+00,-1.233420111831441179e+00
1.000000000000000000e+00,-2.558804009233257570e-01,-5.545126706587429899e-01,5.837978869081078548e-02,-7.874952958293054972e-02
1.000000000000000000e+00,-2.418138984222718002e-01,7.651535129638760424e-02,5.837978869081078548e-02,-7.874952958293054972e-02
1.000000000000000000e+00,7.555011289024388121e-01,-7.111816967993267458e-01,5.837978869081078548e-02,-7.874952958293054972e-02
1.000000000000000000e+00,2.772400438666114963e-01,-3.035521010076218107e-01,5.837978869081078548e-02,-7.874952958293054972e-02
1.000000000000000000e+00,1.463046204705442666e+00,-1.348012275278183347e+00,5.837978869081078548e-02,-7.874952958293054972e-02
1.000000000000000000e+00,1.588238076964820999e+00,-1.260973927422303742e+00,5.837978869081078548e-02,-7.874952958293054972e-02
1.000000000000000000e+00,4.699511281310480015e-01,-6.763663576569747260e-01,5.837978869081078548e-02,-7.874952958293054972e-02
1.000000000000000000e+00,-4.654712881890263887e-01,1.475966687120236209e-01,5.837978869081078548e-02,-7.874952958293054972e-02
1.000000000000000000e+00,2.371742266273515032e+00,-1.249368814374853143e+00,5.837978869081078548e-02,-7.874952958293054972e-02
1.000000000000000000e+00,-4.528114359380780440e-01,-1.323766835577236678e-01,5.837978869081078548e-02,-7.874952958293054972e-02
1.000000000000000000e+00,1.154752651044933243e-01,-5.588645880515371589e-01,-9.639104081260085888e-01,4.029714465763723497e-01
1.000000000000000000e+00,7.358080254009640164e-01,-4.674743228028633846e-01,-9.639104081260085888e-01,4.029714465763723497e-01
1.000000000000000000e+00,-3.079264601772245258e-01,1.446953904501612487e-01,-9.639104081260085888e-01,4.029714465763723497e-01
1.000000000000000000e+00,-4.190518299355490139e-01,9.831648081284726226e-01,-4.992330459365458273e-01,-7.195844039281847904e-01
1.000000000000000000e+00,1.233762213938266683e+00,-1.584881879144887096e-01,-4.992330459365458273e-01,-7.195844039281847904e-01
1.000000000000000000e+00,-3.881055244332309306e-01,8.787187907014163413e-01,-4.992330459365458273e-01,-7.195844039281847904e-01
1.000000000000000000e+00,-7.158550327077832787e-01,5.001019775283387370e-01,-4.992330459365458273e-01,-7.195844039281847904e-01
1.000000000000000000e+00,-1.133630156989079873e+00,3.556598626400662599e+00,-4.992330459365458273e-01,-7.195844039281847904e-01
1.000000000000000000e+00,-1.344627694504886062e+00,2.562910821712696574e+00,-4.992330459365458273e-01,-7.195844039281847904e-01
1.000000000000000000e+00,-8.902796637208497676e-01,1.290700303885916833e+00,-4.992330459365458273e-01,-7.195844039281847904e-01
1.000000000000000000e+00,-1.233502324746561296e+00,2.049384569363005060e+00,-4.992330459365458273e-01,-7.195844039281847904e-01
1.000000000000000000e+00,-1.256008728748247316e+00,4.043597948868695169e-01,-4.992330459365458273e-01,-7.195844039281847904e-01
1.000000000000000000e+00,-1.461616814151063537e-01,-4.239551488749229713e-01,-4.992330459365458273e-01,-7.195844039281847904e-01
1.000000000000000000e+00,-1.437466611011840589e+00,2.993750643599304428e+00,-4.992330459365458273e-01,-7.195844039281847904e-01
1.000000000000000000e+00,-1.229282373996245292e+00,2.863193121815484243e+00,-4.992330459365458273e-01,-7.195844039281847904e-01
1.000000000000000000e+00,-6.525557714530413334e-01,6.567710036689224928e-01,-4.992330459365458273e-01,-7.195844039281847904e-01
1.000000000000000000e+00,-2.544737506732201449e-01,-2.716380401271320522e-01,-4.992330459365458273e-01,-7.195844039281847904e-01
1.000000000000000000e+00,-4.429648841873406462e-01,5.189602862304459885e-01,-4.992330459365458273e-01,-7.195844039281847904e-01
1.000000000000000000e+00,-1.119563654488025861e+00,1.573574934417526272e+00,-4.992330459365458273e-01,-7.195844039281847904e-01
1.000000000000000000e+00,-7.482079884602068631e-01,4.826943079571620610e-01,-8.709749356881146820e-01,-9.049739917228256658e-01
1.000000000000000000e+00,-1.841412381679514154e-01,9.048302950581813553e-01,-8.709749356881146820e-01,-9.049739917228256658e-01
1.000000000000000000e+00,-4.066291265720322484e-02,-2.585822879487508219e-01,-8.709749356881146820e-01,-9.049739917228256658e-01
1.000000000000000000e+00,-2.066476421696374355e-01,1.229358034861903898e-01,-8.709749356881146820e-01,-9.049739917228256658e-01
1.000000000000000000e+00,-1.054857742983178692e+00,1.737081730687873582e-01,-8.709749356881146820e-01,-9.049739917228256658e-01
1.000000000000000000e+00,-2.659641015614952128e-02,-9.868031316762811977e-01,2.907184697855421662e-01,-7.692162620779311455e-01
1.000000000000000000e+00,-4.964175936913447496e-01,-2.397239792466435981e-01,2.907184697855421662e-01,-7.692162620779311455e-01
1.000000000000000000e+00,-3.571592189309125698e-01,-6.854856179674548300e-02,2.907184697855421662e-01,-7.692162620779311455e-01
1.000000000000000000e+00,-4.457781846875513154e-01,2.317337383060408540e-01,2.907184697855421662e-01,-7.692162620779311455e-01
1.000000000000000000e+00,-8.621466587187422981e-01,6.451658906214717826e-01,2.907184697855421662e-01,-7.692162620779311455e-01
1.000000000000000000e+00,-9.549855752256969366e-01,3.100682513763333703e-01,2.907184697855421662e-01,-7.692162620779311455e-01
1.000000000000000000e+00,-1.279921783000038671e+00,2.389869339606973675e-01,2.907184697855421662e-01,-7.692162620779311455e-01
1.000000000000000000e+00,-1.286955034250565566e+00,2.880600791386660919e+00,2.907184697855421662e-01,-7.692162620779311455e-01
1.000000000000000000e+00,-8.607400084686368524e-01,-2.397239792466435981e-01,-9.639104081260085888e-01,-1.093283100585098477e+00
1.000000000000000000e+00,-4.837577414403964049e-01,-5.762722576227126137e-01,-9.639104081260085888e-01,-1.093283100585098477e+00
1.000000000000000000e+00,-1.347440995005096731e+00,1.712836290986934795e+00,-1.196249089220739137e+00,-1.077225734713121774e+00
1.000000000000000000e+00,-1.064704294733916257e+00,3.526135204651105859e+00,-2.543813439570181245e+00,-1.045111002969168146e+00
1.000000000000000000e+00,-6.891286779557811437e-01,1.537308956144243677e+00,-2.543813439570181245e+00,-1.045111002969168146e+00
1.000000000000000000e+00,-4.359316329368136400e-01,1.348725869123170273e+00,-2.543813439570181245e+00,-1.045111002969168146e+00
1.000000000000000000e+00,-7.636811412113660991e-01,1.808578473628402739e+00,-2.543813439570181245e+00,-1.045111002969168146e+00
1.000000000000000000e+00,-9.535789249755916019e-01,3.082239630586115720e+00,-2.543813439570181245e+00,-1.045111002969168146e+00
1.000000000000000000e+00,-2.024276914193214039e-01,1.528605121358655339e+00,-2.543813439570181245e+00,-1.045111002969168146e+00
1.000000000000000000e+00,-6.455225202025145492e-01,1.353077786515964442e+00,-2.543813439570181245e+00,-1.045111002969168146e+00
1.000000000000000000e+00,-3.149597114277514764e-01,-1.034674222997015836e+00,-2.543813439570181245e+00,-1.045111002969168146e+00
1.000000000000000000e+00,-7.383614367094691877e-01,2.935725078362052098e+00,-2.543813439570181245e+00,-1.045111002969168146e+00
1.000000000000000000e+00,-1.340407743754569836e+00,1.736046517081836216e+00,-2.543813439570181245e+00,-1.045111002969168146e+00
1.000000000000000000e+00,1.351683686059686473e-01,-5.124441358617343178e-01,5.837978869081078548e-02,-6.086426033581635586e-01
1.000000000000000000e+00,4.373610234911922551e-02,-6.052850402413399999e-01,5.837978869081078548e-02,-6.086426033581635586e-01
1.000000000000000000e+00,-8.579267079684261832e-01,-4.823961396370643473e-02,5.837978869081078548e-02,-6.086426033581635586e-01
1.000000000000000000e+00,-6.975685794564133735e-01,3.840508470538317454e-01,5.837978869081078548e-02,-6.086426033581635586e-01
1.000000000000000000e+00,-1.288361684500670901e+00,7.031914558587253339e-01,-4.062975734986519760e-01,-6.889294327180474076e-01
1.000000000000000000e+00,-1.365727448256466525e+00,8.424528124281336350e-01,-4.062975734986519760e-01,-6.889294327180474076e-01
1.000000000000000000e+00,-9.338858214741163621e-01,1.441566773502775733e+00,-4.062975734986519760e-01,-6.889294327180474076e-01
1.000000000000000000e+00,-1.199742718744032155e+00,8.018349167620556495e-01,-4.062975734986519760e-01,-6.889294327180474076e-01
1.000000000000000000e+00,-7.735276929621035524e-01,3.028150557216768846e-01,-4.062975734986519760e-01,-6.889294327180474076e-01
1.000000000000000000e+00,-1.102683851486761402e+00,7.815259689290178224e-01,-1.660926451410201787e+00,-1.138535677133396762e+00
1.000000000000000000e+00,-1.139256757989501212e+00,1.007825673354305840e+00,-1.660926451410201787e+00,-1.138535677133396762e+00
1.000000000000000000e+00,-1.361507497506150521e+00,1.989908364994819712e+00,-1.660926451410201787e+00,-1.138535677133396762e+00
1.000000000000000000e+00,-1.340407743754569836e+00,2.393186043393731754e+00,-2.265007022256503966e+00,-1.448004910302403525e+00
1.000000000000000000e+00,-6.806887764551489139e-01,1.181902369066066383e+00,-1.475055506534416638e+00,-1.191087056350775164e+00
1.000000000000000000e+00,-6.272360669511445330e-01,2.607465209246682680e-01,-1.475055506534416638e+00,-1.296189814785532191e+00
1.000000000000000000e+00,3.388955059838156397e-02,-6.274600527301948949e-02,-1.274911561849753072e-01,-1.367718080942519565e+00
1.000000000000000000e+00,-7.158550327077832787e-01,6.055832085614402255e-02,-8.709749356881146820e-01,-8.480433309039988599e-01
1.000000000000000000e+00,-4.471848349376566500e-01,4.232181035889779896e-01,-8.709749356881146820e-01,-8.480433309039988599e-01
1.000000000000000000e+00,-1.316494689502778481e+00,8.526072863446525485e-01,3.371862060044874543e-01,-9.020544706551935077e-01
1.000000000000000000e+00,-1.284141733750354675e+00,1.268940716921945766e+00,3.371862060044874543e-01,-9.020544706551935077e-01
1.000000000000000000e+00,-1.123783605238342087e+00,5.175096470995140807e-01,3.371862060044874543e-01,-9.020544706551935077e-01
1.000000000000000000e+00,-5.780033081974564890e-01,-2.121618357589480364e-01,-1.149781353001793072e+00,4.073507281778204758e-01
1.000000000000000000e+00,-9.029395159717982233e-01,5.871403253842183423e-01,-1.149781353001793072e+00,4.073507281778204758e-01
1.000000000000000000e+00,-7.453946879599961939e-01,4.000078774940766246e-01,-1.149781353001793072e+00,4.073507281778204758e-01
1.000000000000000000e+00,4.432247733790457001e-01,-7.010272228828078322e-01,-1.149781353001793072e+00,4.073507281778204758e-01
1.000000000000000000e+00,-1.085804048485496942e+00,1.040774947840831660e-01,-1.707394187629148075e+00,-1.297649575319348214e+00
1.000000000000000000e+00,-1.118157004237920527e+00,1.113722329912293807e+00,-1.707394187629148075e+00,-1.297649575319348214e+00
1.000000000000000000e+00,-9.310725209739055819e-01,8.671136776539668523e-01,-1.707394187629148075e+00,-1.297649575319348214e+00
1.000000000000000000e+00,-5.653434559465081444e-01,3.216733644237840806e-01,-1.103313616782846118e+00,-7.356417698001616046e-01
1.000000000000000000e+00,-1.101277201236656067e+00,1.028134621187344777e+00,-1.103313616782846118e+00,-7.356417698001616046e-01
1.000000000000000000e+00,-8.101005994648434738e-01,1.396596960443903468e+00,-3.455568374708307966e-02,-1.306408138522244577e+00
1.000000000000000000e+00,-5.287705494437684450e-01,4.972006992664750880e-01,-3.455568374708307966e-02,-1.306408138522244577e+00
1.000000000000000000e+00,-8.748065109696906427e-01,1.663514560535269693e+00,-3.455568374708307966e-02,-1.306408138522244577e+00
1.000000000000000000e+00,-7.257015844585208431e-01,8.351996167734772047e-01,-3.455568374708307966e-02,-1.306408138522244577e+00
1.000000000000000000e+00,-3.824789234328093146e-01,-4.370109010533042015e-01,-3.455568374708307966e-02,-1.794730064162392558e-01
1.000000000000000000e+00,-6.903306654674192140e-03,-1.886199392853709744e+00,-3.455568374708307966e-02,-1.794730064162392558e-01
1.000000000000000000e+00,-9.437323732248539265e-01,-2.194150314136045499e-01,-3.455568374708307966e-02,-1.794730064162392558e-01
1.000000000000000000e+00,-1.363151296643686783e-01,-3.630283053758071032e-01,-3.455568374708307966e-02,-1.794730064162392558e-01
1.000000000000000000e+00,-6.736555252046220188e-01,-1.052299655949199067e-02,-3.455568374708307966e-02,-1.794730064162392558e-01
1.000000000000000000e+00,-4.795377906900803455e-01,4.261193818508403619e-01,-3.455568374708307966e-02,-1.794730064162392558e-01
1.000000000000000000e+00,7.934806856552838461e-01,-5.211479706473226559e-01,-3.455568374708307966e-02,-1.794730064162392558e-01
1.000000000000000000e+00,4.572912758800993793e-01,-7.126323359302585425e-01,-3.455568374708307966e-02,-1.794730064162392558e-01
1.000000000000000000e+00,-3.276195636786998766e-01,1.577511426285424789e-01,-3.455568374708307966e-02,-1.794730064162392558e-01
1.000000000000000000e+00,5.756545596274162055e-03,-2.324707835919857801e-01,-3.455568374708307966e-02,-1.794730064162392558e-01
1.000000000000000000e+00,-7.721210427119982178e-01,2.215792643895219682e-01,5.230571508802734915e-01,-5.473326609378886820e-01
1.000000000000000000e+00,-8.185405009654755926e-01,1.490473078429554454e-01,5.230571508802734915e-01,-5.473326609378886820e-01
1.000000000000000000e+00,-1.335018291641579813e-01,-8.199796316191771961e-01,5.230571508802734915e-01,-5.473326609378886820e-01
1.000000000000000000e+00,-9.240392697233787977e-01,2.056222339492770890e-01,5.230571508802734915e-01,-5.473326609378886820e-01
1.000000000000000000e+00,-1.070330895734337817e+00,2.288324600441785095e-01,5.230571508802734915e-01,-5.473326609378886820e-01
1.000000000000000000e+00,-9.198193189730625718e-01,5.620640346334984661e-02,5.230571508802734915e-01,-5.473326609378886820e-01
1.000000000000000000e+00,1.419644709690623223e-02,-2.759899575199262212e-01,5.230571508802734915e-01,-5.473326609378886820e-01
1.000000000000000000e+00,-3.824789234328093146e-01,-5.878773706701632129e-01,-7.315717270312771525e-01,-1.151673521937741196e+00
1.000000000000000000e+00,-5.062641454420824250e-01,-1.875009705331148191e-01,-7.315717270312771525e-01,-1.151673521937741196e+00
1.000000000000000000e+00,-3.644296190688718629e-02,-8.228809098810395684e-01,-7.315717270312771525e-01,-7.400210514016098973e-01
1.000000000000000000e+00,-6.835020769553595832e-01,-3.514231923283563930e-01,-7.315717270312771525e-01,-7.400210514016098973e-01
1.000000000000000000e+00,-9.859318807280152974e-01,6.200895998707454948e-02,8.018635681939502158e-01,-8.670202178436077212e-01
1.000000000000000000e+00,-8.354203039667401631e-01,5.330512520148620453e-02,8.018635681939502158e-01,-8.670202178436077212e-01
1.000000000000000000e+00,-6.581823724534628939e-01,-3.427193575427680550e-01,8.018635681939502158e-01,-8.670202178436077212e-01
1.000000000000000000e+00,-2.994865586765921850e-01,-5.487101141350182454e-01,8.018635681939502158e-01,-8.670202178436077212e-01
1.000000000000000000e+00,-5.878498599481941644e-01,-3.108052966622782964e-01,8.018635681939502158e-01,-8.670202178436077212e-01
1.000000000000000000e+00,-4.148318791852330101e-01,-4.181525923511969500e-01,8.018635681939502158e-01,-8.670202178436077212e-01
1.000000000000000000e+00,-4.781311404399750109e-01,-4.428134575770301673e-01,8.018635681939502158e-01,-8.670202178436077212e-01
1.000000000000000000e+00,-1.012658235480017321e+00,1.403850156098560120e+00,-1.382120034096524286e+00,-1.402752333754105241e+00
1.000000000000000000e+00,-5.681567564467188136e-01,3.869521253156941176e-01,-1.196249089220739137e+00,-1.348741194002910593e+00
1.000000000000000000e+00,-1.136443457489290543e+00,8.714655950467598000e-01,-4.062975734986519760e-01,-1.072846453111673704e+00
1.000000000000000000e+00,-3.037065094269084664e-01,-3.760840575541883335e-01,1.513152611287029992e-01,-9.838010605488933802e-01
1.000000000000000000e+00,-2.683355904358157486e-03,-5.443581967422240764e-01,1.513152611287029992e-01,-9.838010605488933802e-01
1.000000000000000000e+00,-8.902796637208497676e-01,3.521367861733419868e-01,-2.668943648418144465e-01,-1.018835313360479056e+00
1.000000000000000000e+00,-9.423257229747485919e-01,5.247628427541706220e-01,-6.851039908123303102e-01,-1.331224067597117866e+00
1.000000000000000000e+00,-9.563922254758023822e-01,9.657571385572971678e-01,5.695248870992187795e-01,-1.442165868167138987e+00
1.000000000000000000e+00,-1.012658235480017321e+00,4.435270514220157612e-01,-8.102341996602836771e-02,-1.377936404679231952e+00
1.000000000000000000e+00,-6.891286779557811437e-01,-5.646671445752619034e-01,-8.102341996602836771e-02,-1.377936404679231952e+00
1.000000000000000000e+00,-1.151916610240449446e+00,6.596722819307848651e-01,-6.851039908123303102e-01,-1.329764307063301843e+00
1.000000000000000000e+00,-6.525557714530413334e-01,-8.852583925110872887e-01,1.638282820134983497e+00,-1.345821672935278546e+00
1.000000000000000000e+00,-1.001405033479174422e+00,-4.892339097668329528e-01,1.638282820134983497e+00,-1.345821672935278546e+00
1.000000000000000000e+00,6.907952173975919763e-01,-8.885750962978453127e-02,8.018635681939502158e-01,1.017530631312937528e+00
1.000000000000000000e+00,-1.700747356668977084e-01,-2.121618357589480364e-01,8.018635681939502158e-01,1.017530631312937528e+00
1.000000000000000000e+00,-2.683355904358157486e-03,-2.339214227229176046e-01,8.018635681939502158e-01,1.017530631312937528e+00
1.000000000000000000e+00,-6.891286779557811437e-01,1.809613687234438995e-01,8.018635681939502158e-01,1.017530631312937528e+00
1.000000000000000000e+00,2.111274821116587708e-01,-3.228258352346156934e-02,8.018635681939502158e-01,1.017530631312937528e+00
1.000000000000000000e+00,-3.515326179304912313e-01,-1.321900770921419666e+00,8.018635681939502158e-01,1.017530631312937528e+00
1.000000000000000000e+00,2.744267433664008271e-01,-6.821689141807006918e-01,8.018635681939502158e-01,1.017530631312937528e+00
1.000000000000000000e+00,-7.833742447128412278e-01,-3.934501845728755942e+00,8.018635681939502158e-01,1.017530631312937528e+00
1.000000000000000000e+00,1.844011273596567191e-01,-1.900705784163022605e+00,8.018635681939502158e-01,1.017530631312937528e+00
1.000000000000000000e+00,9.015556060259660720e-02,-3.496408828187492546e+00,8.018635681939502158e-01,1.017530631312937528e+00
1.000000000000000000e+00,-1.326341241253516046e+00,-1.890551310246503913e+00,8.018635681939502158e-01,1.017530631312937528e+00
1.000000000000000000e+00,-1.260228679498563320e+00,5.943935210388748835e-01,8.018635681939502158e-01,1.017530631312937528e+00
1.000000000000000000e+00,-1.368540748756677194e+00,1.077456351639010101e+00,8.018635681939502158e-01,1.017530631312937528e+00
1.000000000000000000e+00,-5.358038006942951181e-01,-5.777228967536444104e-01,8.018635681939502158e-01,1.017530631312937528e+00
1.000000000000000000e+00,3.106013696828521020e+00,-1.983392214626109373e+00,8.018635681939502158e-01,1.017530631312937528e+00
1.000000000000000000e+00,3.556141776862240533e+00,-3.097483067181375116e+00,8.018635681939502158e-01,1.017530631312937528e+00
1.000000000000000000e+00,1.056287133537556627e-01,1.508296173525616402e+00,8.018635681939502158e-01,1.017530631312937528e+00
1.000000000000000000e+00,1.484145958457022907e+00,5.450717905872096702e-01,8.018635681939502158e-01,1.017530631312937528e+00
1.000000000000000000e+00,1.202815908435947989e+00,7.554144645722528084e-01,8.018635681939502158e-01,1.017530631312937528e+00
1.000000000000000000e+00,1.278775021941638723e+00,-7.290047918953965200e-02,8.018635681939502158e-01,1.017530631312937528e+00
1.000000000000000000e+00,6.359358576434822607e-01,1.007825673354305840e+00,8.018635681939502158e-01,1.017530631312937528e+00
1.000000000000000000e+00,1.180309504434261969e+00,3.942053209703506034e-01,8.018635681939502158e-01,1.017530631312937528e+00
1.000000000000000000e+00,1.534785367460816952e+00,-1.069489562139367855e+00,8.018635681939502158e-01,1.017530631312937528e+00
1.000000000000000000e+00,1.669823791470932628e+00,-1.092699788234269276e+00,8.018635681939502158e-01,1.017530631312937528e+00
1.000000000000000000e+00,2.523660493284895168e+00,-2.763836067067167335e+00,8.018635681939502158e-01,1.017530631312937528e+00
1.000000000000000000e+00,2.193097684510132428e+00,-2.351854553882668064e+00,8.018635681939502158e-01,1.017530631312937528e+00
1.000000000000000000e+00,2.714964927299226005e+00,-1.847032136318563333e+00,8.018635681939502158e-01,1.017530631312937528e+00
1.000000000000000000e+00,2.522253843034790055e+00,-2.021108832030323654e+00,8.018635681939502158e-01,1.017530631312937528e+00
1.000000000000000000e+00,1.147956548681838829e+00,-1.281282875255342901e+00,8.018635681939502158e-01,1.017530631312937528e+00
1.000000000000000000e+00,6.218693551424282484e-01,-8.127264359645206548e-01,8.018635681939502158e-01,1.017530631312937528e+00
1.000000000000000000e+00,8.539666464098154552e-01,-3.224104097097290067e-01,8.018635681939502158e-01,1.017530631312937528e+00
1.000000000000000000e+00,3.489792066219856159e-01,-1.164196531174800930e-01,8.018635681939502158e-01,1.017530631312937528e+00
1.000000000000000000e+00,5.149639361344200417e-01,-5.603152271824689556e-01,8.018635681939502158e-01,1.017530631312937528e+00
1.000000000000000000e+00,6.232760053925339161e-01,2.868580252814320053e-01,8.018635681939502158e-01,1.017530631312937528e+00
1.000000000000000000e+00,9.397723116662431986e-01,1.911158426399640620e-01,8.018635681939502158e-01,1.017530631312937528e+00
1.000000000000000000e+00,1.017138075422038934e+00,-7.634047055128555526e-01,8.018635681939502158e-01,1.017530631312937528e+00
1.000000000000000000e+00,2.518033892284473829e+00,-1.189892610006667795e+00,8.018635681939502158e-01,1.017530631312937528e+00
1.000000000000000000e+00,1.980693496744220461e+00,-4.152513140893346333e-01,8.018635681939502158e-01,1.017530631312937528e+00
1.000000000000000000e+00,1.073404085426253651e+00,1.011762165222208215e-01,8.018635681939502158e-01,1.017530631312937528e+00
1.000000000000000000e+00,1.071997435176148095e+00,1.896652035090322375e-01,8.018635681939502158e-01,1.017530631312937528e+00
1.000000000000000000e+00,9.960383216704580267e-01,-1.340759079623526917e+00,8.018635681939502158e-01,1.017530631312937528e+00
1.000000000000000000e+00,2.066499162000648315e+00,-1.076742757794024508e+00,8.018635681939502158e-01,1.017530631312937528e+00
1.000000000000000000e+00,1.447573051954283541e+00,-8.562456098924611236e-01,8.018635681939502158e-01,1.017530631312937528e+00
1.000000000000000000e+00,-7.864246941004829350e-02,-9.650435447123115740e-01,8.018635681939502158e-01,1.017530631312937528e+00
1.000000000000000000e+00,1.928647437490321526e+00,-9.519877925339290670e-01,8.018635681939502158e-01,1.017530631312937528e+00
1.000000000000000000e+00,9.974449719205635834e-01,8.395515341662713737e-01,8.018635681939502158e-01,1.017530631312937528e+00
1.000000000000000000e+00,-3.627858199313342413e-01,-7.488983142035424700e-01,8.018635681939502158e-01,1.017530631312937528e+00
1.000000000000000000e+00,1.200002607935737320e+00,5.566769036346603805e-01,8.018635681939502158e-01,1.017530631312937528e+00
1.000000000000000000e+00,3.049747686824305415e+00,-2.386669893025020084e+00,8.018635681939502158e-01,1.017530631312937528e+00
1.000000000000000000e+00,3.416883402101808187e+00,-2.544789558296535859e+00,8.018635681939502158e-01,1.017530631312937528e+00
1.000000000000000000e+00,2.301409753768246080e+00,2.331843774369726785e-01,8.018635681939502158e-01,1.017530631312937528e+00
1.000000000000000000e+00,1.842841772233893671e+00,7.380067950010773536e-01,8.018635681939502158e-01,1.017530631312937528e+00
1.000000000000000000e+00,1.962407043492850889e+00,-1.406037840515436788e+00,8.018635681939502158e-01,1.017530631312937528e+00
1.000000000000000000e+00,1.115603592929415022e+00,-4.587704880172750466e-01,8.018635681939502158e-01,1.017530631312937528e+00
1.000000000000000000e+00,1.413813445951754177e+00,7.989336385001932772e-01,8.018635681939502158e-01,1.017530631312937528e+00
1.000000000000000000e+00,4.235316698775703492e-01,-3.876891706016390438e-01,8.018635681939502158e-01,1.017530631312937528e+00
1.000000000000000000e+00,1.984676298607104261e-01,-9.070179794750581337e-01,8.018635681939502158e-01,1.017530631312937528e+00
1.000000000000000000e+00,1.491179209707550024e+00,-2.469771749013001394e-01,8.018635681939502158e-01,1.017530631312937528e+00
1.000000000000000000e+00,6.289026063929552546e-01,-1.027421027342358073e+00,8.018635681939502158e-01,1.017530631312937528e+00
1.000000000000000000e+00,1.645910737219141495e+00,-5.472594750040864486e-01,8.018635681939502158e-01,1.017530631312937528e+00
1.000000000000000000e+00,4.221250196274650146e-01,-6.328471837290354784e-01,8.018635681939502158e-01,1.017530631312937528e+00
1.000000000000000000e+00,1.242202115438898691e+00,-1.164196531174800930e-01,8.018635681939502158e-01,1.017530631312937528e+00
1.000000000000000000e+00,1.602304579465874568e+00,1.548498643666801344e-01,8.018635681939502158e-01,1.017530631312937528e+00
1.000000000000000000e+00,6.964218183980133148e-01,1.084294121768773489e-01,8.018635681939502158e-01,1.017530631312937528e+00
1.000000000000000000e+00,9.847851196696152387e-01,8.119893906785757842e-01,8.018635681939502158e-01,1.017530631312937528e+00
1.000000000000000000e+00,-9.270897191110223645e-02,2.201286252585901437e-01,8.018635681939502158e-01,1.017530631312937528e+00
1.000000000000000000e+00,4.966774828830498034e-01,2.360856556988350230e-01,8.018635681939502158e-01,1.017530631312937528e+00
1.000000000000000000e+00,1.488365909207339355e+00,5.160590079685822840e-01,8.018635681939502158e-01,1.017530631312937528e+00
1.000000000000000000e+00,7.540944786523336996e-01,2.723516339721189228e-01,8.018635681939502158e-01,1.017530631312937528e+00
1.000000000000000000e+00,1.935680688740848421e+00,-1.758958574856641088e-01,8.018635681939502158e-01,1.017530631312937528e+00
1.000000000000000000e+00,3.000514928070618037e+00,-4.906845488977648051e-01,8.018635681939502158e-01,1.017530631312937528e+00
1.000000000000000000e+00,1.433506549453229528e+00,-9.374814012246159844e-01,8.018635681939502158e-01,1.017530631312937528e+00
1.000000000000000000e+00,1.325194480195115654e+00,-6.604093272167310680e-01,8.018635681939502158e-01,1.017530631312937528e+00
1.000000000000000000e+00,5.487235421369488497e-01,-7.870303571326435488e-02,8.018635681939502158e-01,1.017530631312937528e+00
1.000000000000000000e+00,8.666264986607637999e-01,3.071669731144710536e-01,8.018635681939502158e-01,1.017530631312937528e+00
1.000000000000000000e+00,1.561511722212818754e+00,-6.081863185032022612e-01,8.018635681939502158e-01,1.017530631312937528e+00
1.000000000000000000e+00,1.588238076964820999e+00,2.694503557102552738e-01,8.018635681939502158e-01,1.017530631312937528e+00
1.000000000000000000e+00,7.175215721495937782e-01,9.827493826035846314e-02,8.018635681939502158e-01,1.017530631312937528e+00
1.000000000000000000e+00,5.276237883853683863e-01,-3.228258352346156934e-02,8.018635681939502158e-01,1.017530631312937528e+00
1.000000000000000000e+00,9.313324101656106357e-01,2.085235122111394612e-01,8.018635681939502158e-01,1.017530631312937528e+00
1.000000000000000000e+00,6.682888133959059562e-01,6.901357036803428269e-01,8.018635681939502158e-01,1.017530631312937528e+00
1.000000000000000000e+00,7.090816706489616594e-01,5.537756253727980083e-01,8.018635681939502158e-01,1.017530631312937528e+00
1.000000000000000000e+00,6.443757591441142685e-01,3.444681649937898077e-02,8.018635681939502158e-01,1.017530631312937528e+00
1.000000000000000000e+00,5.698232958885292021e-01,1.624347304000123282e+00,8.018635681939502158e-01,1.017530631312937528e+00
1.000000000000000000e+00,8.469333951592884491e-01,6.596722819307848651e-01,8.018635681939502158e-01,1.017530631312937528e+00
1.000000000000000000e+00,8.891329026624498200e-01,-4.312083445295794570e-01,8.018635681939502158e-01,1.017530631312937528e+00
1.000000000000000000e+00,5.979563008906371158e-01,-4.892339097668329528e-01,8.018635681939502158e-01,1.017530631312937528e+00
1.000000000000000000e+00,4.980841331331554156e-01,4.024937302310497428e-02,8.018635681939502158e-01,1.017530631312937528e+00
1.000000000000000000e+00,2.828666448670328903e-01,-2.788912357817885934e-01,8.018635681939502158e-01,1.017530631312937528e+00
1.000000000000000000e+00,5.248104878851577171e-01,6.205050253956385653e-01,8.018635681939502158e-01,1.017530631312937528e+00
1.000000000000000000e+00,2.758333936165061617e-01,1.490473078429554454e-01,8.018635681939502158e-01,1.017530631312937528e+00
1.000000000000000000e+00,-3.374661154294374965e-01,3.477848687805478178e-01,8.018635681939502158e-01,1.017530631312937528e+00
1.000000000000000000e+00,7.468240785143756555e-02,-9.320942702257870027e-02,8.018635681939502158e-01,1.017530631312937528e+00
1.000000000000000000e+00,2.026875806110267075e-01,-7.459970359416788765e-01,8.018635681939502158e-01,1.017530631312937528e+00
1.000000000000000000e+00,6.274959561428496979e-01,-4.660236836719315878e-01,8.018635681939502158e-01,1.017530631312937528e+00
1.000000000000000000e+00,1.214069110436791332e+00,-3.920410879944332128e-01,8.018635681939502158e-01,1.017530631312937528e+00
1.000000000000000000e+00,7.653476806531764876e-01,-5.037403010761459798e-01,8.018635681939502158e-01,1.017530631312937528e+00
1.000000000000000000e+00,5.065240346337874788e-01,-1.541362705216945406e-01,8.018635681939502158e-01,1.017530631312937528e+00
1.000000000000000000e+00,2.544964909774924400e-02,-6.419664440395131400e-02,8.018635681939502158e-01,1.017530631312937528e+00
1.000000000000000000e+00,2.350405363634501532e-01,2.375362948297668475e-01,8.018635681939502158e-01,1.017530631312937528e+00
1.000000000000000000e+00,-1.447550311650009913e-01,1.025233342925482516e+00,8.018635681939502158e-01,1.017530631312937528e+00
1.000000000000000000e+00,7.667543309032820442e-01,-1.227609227410883408e+00,8.018635681939502158e-01,1.017530631312937528e+00
1.000000000000000000e+00,1.605117879966085681e+00,-1.613894661763510541e-01,8.018635681939502158e-01,1.017530631312937528e+00
1.000000000000000000e+00,1.719056550224620894e+00,-1.406037840515436788e+00,8.018635681939502158e-01,1.017530631312937528e+00
1.000000000000000000e+00,7.512811781521230303e-01,-1.280247661649308033e-01,8.018635681939502158e-01,1.017530631312937528e+00
1.000000000000000000e+00,5.920925510027827410e-02,-6.419664440395131400e-02,8.018635681939502158e-01,1.017530631312937528e+00
1.000000000000000000e+00,-2.741668541746954957e-01,-4.533833570184408329e-02,8.018635681939502158e-01,1.017530631312937528e+00
1.000000000000000000e+00,-6.961619292063080389e-01,6.915863428112746236e-01,8.018635681939502158e-01,1.017530631312937528e+00
1.000000000000000000e+00,-7.988473974640004638e-01,1.142735112530919972e+00,8.018635681939502158e-01,1.017530631312937528e+00
1.000000000000000000e+00,9.156221085270195570e-02,-5.835254532773690439e-01,8.018635681939502158e-01,1.017530631312937528e+00
1.000000000000000000e+00,-2.966732581763815157e-01,5.620640346334984661e-02,8.018635681939502158e-01,1.017530631312937528e+00
1.000000000000000000e+00,3.222528518699835365e-01,-2.310201444610552601e-01,8.018635681939502158e-01,1.017530631312937528e+00
1.000000000000000000e+00,-1.742946864172139898e-01,-5.342037228257039416e-01,8.018635681939502158e-01,1.017530631312937528e+00
1.000000000000000000e+00,7.555011289024388121e-01,-1.188441970875737219e+00,7.553958319750049277e-01,2.424739785911627976e+00
1.000000000000000000e+00,1.586831426714715443e+00,-1.246467536112990659e+00,7.553958319750049277e-01,2.424739785911627976e+00
1.000000000000000000e+00,7.569077791525443688e-01,-4.210538706130605990e-01,7.553958319750049277e-01,2.424739785911627976e+00
1.000000000000000000e+00,9.296886110280730420e-02,-4.210538706130605990e-01,7.553958319750049277e-01,2.424739785911627976e+00
1.000000000000000000e+00,-9.552227241131293345e-02,-8.214302707501089928e-01,3.371862060044874543e-01,-2.101279776263768329e-01
1.000000000000000000e+00,1.267284671053363343e-01,-5.037403010761459798e-01,3.371862060044874543e-01,-2.101279776263768329e-01
1.000000000000000000e+00,6.907952173975919763e-01,-8.751039185945683752e-01,3.371862060044874543e-01,-2.101279776263768329e-01
1.000000000000000000e+00,1.188749405934894643e+00,-1.281282875255342901e+00,3.371862060044874543e-01,-2.101279776263768329e-01
1.000000000000000000e+00,3.248290034827621547e-02,-3.688308618995317922e-01,3.371862060044874543e-01,-2.101279776263768329e-01
1.000000000000000000e+00,3.391326548712479405e-01,-1.021618470818633329e+00,3.371862060044874543e-01,-2.101279776263768329e-01
1.000000000000000000e+00,2.308205856131341216e-01,-3.572257488520811375e-01,3.371862060044874543e-01,-2.101279776263768329e-01
1.000000000000000000e+00,-4.246784309359706300e-01,4.638359992550548094e-01,1.173605457945520625e+00,1.168583819484226849e-01
1.000000000000000000e+00,-5.076707956921877596e-01,-2.223163096754669221e-01,1.173605457945520625e+00,1.168583819484226849e-01
1.000000000000000000e+00,-9.915584817284368579e-01,1.019430786401756439e+00,1.173605457945520625e+00,1.168583819484226849e-01
1.000000000000000000e+00,-6.764688257048327991e-01,-3.528738314592869685e-01,1.173605457945520625e+00,1.168583819484226849e-01
